{"cameraMode":{"drawMode":0,"name":"Shaded","section":"Shading Mode"},"sceneLighting":false,"audioPlay":false,"sceneViewState":{"m_AlwaysRefresh":false,"showFog":true,"showSkybox":false,"showFlares":true,"showImageEffects":true,"showParticleSystems":true,"showVisualEffectGraphs":true,"m_FxEnabled":true},"in2DMode":false,"pivot":{"x":0.02489989995956421,"y":0.02274256944656372,"z":0.07318112254142761},"rotation":{"x":0.3144764304161072,"y":-0.1626666933298111,"z":0.05479232594370842,"w":0.933623731136322},"size":0.6687506437301636,"orthographic":false}